Amino Acid,Code,Hydropathy,Charge,Aromatic,Hydroxylic,Sulfur-Containing,Aliphatic,Amidic,Category,Color
Aspartate,D,hydrophilic,-,FALSE,FALSE,FALSE,FALSE,FALSE,Negative/Acidic,#E41A1C
Glutamate,E,hydrophilic,-,FALSE,FALSE,FALSE,FALSE,FALSE,Negative/Acidic,#E41A1C
Arginine,R,hydrophilic,+,FALSE,FALSE,FALSE,FALSE,FALSE,Positive/Basic,#FFFF33
Lysine,K,hydrophilic,+,FALSE,FALSE,FALSE,FALSE,FALSE,Positive/Basic,#FFFF33
Histidine,H,moderate,+,FALSE,FALSE,FALSE,FALSE,FALSE,Positive/Basic,#FFFF33
Asparagine,N,hydrophilic,N,FALSE,FALSE,FALSE,FALSE,TRUE,Amidic,#984EA3
Glutamine,Q,hydrophilic,N,FALSE,FALSE,FALSE,FALSE,TRUE,Amidic,#984EA3
Serine,S,hydrophilic,N,FALSE,TRUE,FALSE,FALSE,FALSE,Hydroxylic,#4DAF8A
Threonine,T,hydrophilic,N,FALSE,TRUE,FALSE,FALSE,FALSE,Hydroxylic,#4DAF8A
Cysteine,C,moderate,N,FALSE,FALSE,TRUE,FALSE,FALSE,Sulfur-containing,#A65628
Methionine,M,moderate,N,FALSE,FALSE,TRUE,FALSE,FALSE,Sulfur-containing,#A65628
Alanine,A,hydrophobic,N,FALSE,FALSE,FALSE,TRUE,FALSE,Aliphatic,#999999
Valine,V,hydrophobic,N,FALSE,FALSE,FALSE,TRUE,FALSE,Aliphatic,#999999
Glycine,G,hydrophobic,N,FALSE,FALSE,FALSE,TRUE,FALSE,Aliphatic,#999999
Isoleucine,I,hydrophobic,N,FALSE,FALSE,FALSE,TRUE,FALSE,Aliphatic,#999999
Leucine,L,hydrophobic,N,FALSE,FALSE,FALSE,TRUE,FALSE,Aliphatic,#999999
Proline,P,hydrophobic,N,FALSE,FALSE,FALSE,TRUE,FALSE,Aliphatic,#999999
Phenylalanine,F,hydrophobic,N,TRUE,FALSE,FALSE,FALSE,FALSE,Aromatic,#8DD3C7
Tryptophan,W,hydrophobic,N,TRUE,FALSE,FALSE,FALSE,FALSE,Aromatic,#8DD3C7
Tyrosine,Y,hydrophobic,N,TRUE,FALSE,FALSE,FALSE,FALSE,Aromatic,#8DD3C7
