Tissue,Cancer,Study
PanCancer Studies,PanCancer Studies,"MSK-IMPACT Clinical Sequencing Cohort (MSKCC, Nat Med 2017)10945 samples"
PanCancer Studies,PanCancer Studies,Pediatric Mixed Tumors (PIP-Seq 2017)103 samples
Cell lines,Cell lines,"Cancer Cell Line Encyclopedia (Novartis/Broad, Nature 2012)1020 samples"
Cell lines,Cell lines,"NCI-60 Cell Lines (NCI, Cancer Res. 2012)67 samples"
Adrenal Gland,Adrenocortical Carcinoma,"Adrenocortical Carcinoma (TCGA, PanCancer Atlas)92 samples  "
Adrenal Gland,Adrenocortical Carcinoma,"Adrenocortical Carcinoma (TCGA, Provisional)92 samples "
Ampulla of Vater,Ampullary Carcinoma,"Ampullary Carcinoma (Baylor College of Medicine, Cell Reports 2016)160 samples  "
Biliary Tract,Cholangiocarcinoma,"Cholangiocarcinoma (MSK, Clin Cancer Res 2018)195 samples  "
Biliary Tract,Cholangiocarcinoma,"Cholangiocarcinoma (National Cancer Centre of Singapore, Nat Genet 2013)15 samples  "
Biliary Tract,Cholangiocarcinoma,"Cholangiocarcinoma (National University of Singapore, Nat Genet 2012)8 samples  "
Biliary Tract,Cholangiocarcinoma,"Cholangiocarcinoma (TCGA, PanCancer Atlas)36 samples  "
Biliary Tract,Cholangiocarcinoma,"Cholangiocarcinoma (TCGA, Provisional)51 samples "
Biliary Tract,Cholangiocarcinoma,"Intrahepatic Cholangiocarcinoma (Johns Hopkins University, Nat Genet 2013)40 samples  "
Biliary Tract,Gallbladder Cancer,"Gallbladder Carcinoma (Shanghai, Nat Genet 2014)32 samples  "
Bladder/Urinary Tract,Bladder Urothelial Carcinoma,"Bladder Cancer (MSKCC, Eur Urol 2014)109 samples  "
Bladder/Urinary Tract,Bladder Urothelial Carcinoma,"Bladder Cancer (MSKCC, JCO 2013)97 samples  "
Bladder/Urinary Tract,Bladder Urothelial Carcinoma,"Bladder Cancer (TCGA, Cell 2017)413 samples  "
Bladder/Urinary Tract,Bladder Urothelial Carcinoma,"Bladder Cancer, Plasmacytoid Variant (MSKCC, Nat Genet 2016)34 samples  "
Bladder/Urinary Tract,Bladder Urothelial Carcinoma,"Bladder Urothelial Carcinoma (BGI, Nat Genet 2013)99 samples  "
Bladder/Urinary Tract,Bladder Urothelial Carcinoma,"Bladder Urothelial Carcinoma (Dana Farber & MSKCC, Cancer Discov 2014)50 samples  "
Bladder/Urinary Tract,Bladder Urothelial Carcinoma,"Bladder Urothelial Carcinoma (TCGA, Nature 2014)131 samples  "
Bladder/Urinary Tract,Bladder Urothelial Carcinoma,"Bladder Urothelial Carcinoma (TCGA, PanCancer Atlas)411 samples  "
Bladder/Urinary Tract,Bladder Urothelial Carcinoma,"Bladder Urothelial Carcinoma (TCGA, Provisional)413 samples "
Bladder/Urinary Tract,Bladder Urothelial Carcinoma,Nonmuscle Invasive Bladder Cancer (MSK Eur Urol 2017)105 samples  
Bladder/Urinary Tract,Bladder Urothelial Carcinoma,"Urothelial Carcinoma (Cornell/Trento, Nat Gen 2016)72 samples  "
Bladder/Urinary Tract,Upper Tract Urothelial Carcinoma,"Targeted sequencing of upper tract urothelial cancer samples (MSK, Eur Urol 2013)85 samples"
Bone,Ewing Sarcoma,"Ewing Sarcoma (Institut Cuire, Cancer Discov 2014)112 samples  "
Bone,Ewing Sarcoma,"Pediatric Ewing Sarcoma (DFCI, Cancer Discov 2014)107 samples  "
Bowel,Colorectal Adenocarcinoma,"Colorectal Adenocarcinoma (DFCI, Cell Reports 2016)619 samples  "
Bowel,Colorectal Adenocarcinoma,"Colorectal Adenocarcinoma (Genentech, Nature 2012)72 samples  "
Bowel,Colorectal Adenocarcinoma,"Colorectal Adenocarcinoma (TCGA, Nature 2012)276 samples  "
Bowel,Colorectal Adenocarcinoma,"Colorectal Adenocarcinoma (TCGA, PanCancer Atlas)594 samples  "
Bowel,Colorectal Adenocarcinoma,"Colorectal Adenocarcinoma (TCGA, Provisional)640 samples "
Bowel,Colorectal Adenocarcinoma,"Colorectal Adenocarcinoma Triplets (MSKCC, Genome Biol 2014)138 samples  "
Bowel,Colorectal Adenocarcinoma,"Metastatic Colorectal Cancer (MSKCC, Cancer Cell 2018)1134 samples  "
Breast,Breast Cancer,"Breast Cancer (MSK, Cancer Cell 2018)1918 samples"
Breast,Breast Fibroepithelial Neoplasms,"Breast Fibroepithelial Tumors (Duke-NUS, Nat Genet 2015)22 samples"
Breast,Invasive Breast Carcinoma,"Breast Cancer (METABRIC, Nature 2012 & Nat Commun 2016)2509 samples"
Breast,Invasive Breast Carcinoma,"Breast Invasive Carcinoma (British Columbia, Nature 2012)65 samples  "
Breast,Invasive Breast Carcinoma,"Breast Invasive Carcinoma (Broad, Nature 2012)103 samples  "
Breast,Invasive Breast Carcinoma,"Breast Invasive Carcinoma (Sanger, Nature 2012)100 samples  "
Breast,Invasive Breast Carcinoma,"Breast Invasive Carcinoma (TCGA, Cell 2015)818 samples  "
Breast,Invasive Breast Carcinoma,"Breast Invasive Carcinoma (TCGA, Nature 2012)825 samples  "
Breast,Invasive Breast Carcinoma,"Breast Invasive Carcinoma (TCGA, PanCancer Atlas)1084 samples  "
Breast,Invasive Breast Carcinoma,"Breast Invasive Carcinoma (TCGA, Provisional)1105 samples "
Breast,Invasive Breast Carcinoma,"Breast cancer patient xenografts (British Columbia, Nature 2014)117 samples  "
Breast,Invasive Breast Carcinoma,"Mutational profiles of metastatic breast cancer (France, 2016)216 samples  "
Breast,Invasive Breast Carcinoma,"The Metastatic Breast Cancer Project (Provisional, October 2018)237 samples"
Breast,Invasive Breast Carcinoma,"Adenoid Cystic Carcinoma of the Breast (MSKCC, J Pathol. 2015)12 samples  "
CNS/Brain,Diffuse Glioma,"Brain Lower Grade Glioma (TCGA, PanCancer Atlas)514 samples  "
CNS/Brain,Diffuse Glioma,"Brain Lower Grade Glioma (TCGA, Provisional)530 samples "
CNS/Brain,Diffuse Glioma,"Glioma (MSK, 2018)91 samples "
CNS/Brain,Diffuse Glioma,"Low-Grade Gliomas (UCSF, Science 2014).61 samples  "
CNS/Brain,Diffuse Glioma,"Merged Cohort of LGG and GBM (TCGA, Cell 2016)1122 samples  "
CNS/Brain,Diffuse Glioma,"Glioblastoma (TCGA, Cell 2013)585 samples  "
CNS/Brain,Diffuse Glioma,"Glioblastoma (TCGA, Nature 2008)206 samples  "
CNS/Brain,Diffuse Glioma,"Glioblastoma Multiforme (TCGA, PanCancer Atlas)592 samples  "
CNS/Brain,Diffuse Glioma,"Glioblastoma Multiforme (TCGA, Provisional)604 samples "
CNS/Brain,Diffuse Glioma,"NGS in Anaplastic Oligodendroglioma and Anaplastic Oligoastrocytomas tumors (MSK, Neuro Oncol 2017)22 samples  "
CNS/Brain,Embryonal Tumor,"Medulloblastoma (Broad, Nature 2012)92 samples  "
CNS/Brain,Embryonal Tumor,"Medulloblastoma (ICGC, Nature 2012)125 samples  "
CNS/Brain,Embryonal Tumor,"Medulloblastoma (PCGP, Nature 2012)37 samples  "
CNS/Brain,Embryonal Tumor,"Medulloblastoma (Sickkids, Nature 2016)46 samples  "
CNS/Brain,Encapsulated Glioma,"Whole-genome sequencing of pilocytic astrocytomasatic (Nat Genetics, 2013)96 samples"
CNS/Brain,Miscellaneous Neuroepithelial Tumor,"Pheochromocytoma and Paraganglioma (TCGA, Provisional)184 samples"
Cervix,Cervical Squamous Cell Carcinoma,"Cervical Squamous Cell Carcinoma (TCGA, PanCancer Atlas)297 samples  "
Cervix,Cervical Squamous Cell Carcinoma,"Cervical Squamous Cell Carcinoma and Endocervical Adenocarcinoma (TCGA, Provisional)310 samples "
Esophagus/Stomach,Esophageal Squamous Cell Carcinoma,"Esophageal Squamous Cell Carcinoma (ICGC, Nature 2014)88 samples  "
Esophagus/Stomach,Esophageal Squamous Cell Carcinoma,"Esophageal Squamous Cell Carcinoma (UCLA, Nat Genet 2014)139 samples"
Esophagus/Stomach,Esophagogastric Adenocarcinoma,"Gastric Adenocarcinoma (TMUCIH, PNAS 2015)78 samples  "
Esophagus/Stomach,Esophagogastric Adenocarcinoma,"Metastatic Esophagogastric Cancer (MSKCC, Cancer Discovery 2017)341 samples  "
Esophagus/Stomach,Esophagogastric Adenocarcinoma,"TCGA data for Esophagus-Stomach Cancers (TCGA, Nature 2017)559 samples"
Esophagus/Stomach,Esophagogastric Adenocarcinoma,"Esophageal Adenocarcinoma (Broad, Nat Genet 2013)151 samples  "
Esophagus/Stomach,Esophagogastric Adenocarcinoma,"Esophageal Adenocarcinoma (TCGA, PanCancer Atlas)182 samples  "
Esophagus/Stomach,Esophagogastric Adenocarcinoma,"Esophageal Carcinoma (TCGA, Provisional)186 samples"
Esophagus/Stomach,Esophagogastric Adenocarcinoma,"Stomach Adenocarcinoma (Pfizer and UHK, Nat Genet 2014)100 samples  "
Esophagus/Stomach,Esophagogastric Adenocarcinoma,"Stomach Adenocarcinoma (TCGA, Nature 2014)295 samples  "
Esophagus/Stomach,Esophagogastric Adenocarcinoma,"Stomach Adenocarcinoma (TCGA, PanCancer Atlas)440 samples "
Esophagus/Stomach,Esophagogastric Adenocarcinoma,"Stomach Adenocarcinoma (TCGA, Provisional)478 samples "
Esophagus/Stomach,Esophagogastric Adenocarcinoma,"Stomach Adenocarcinoma (U Tokyo, Nat Genet 2014)30 samples  "
Esophagus/Stomach,Esophagogastric Adenocarcinoma,"Stomach Adenocarcinoma (UHK, Nat Genet 2011)22 samples  "
Eye,Ocular Melanoma,"Uveal Melanoma (QIMR, Oncotarget 2016)28 samples  "
Eye,Ocular Melanoma,"Uveal Melanoma (TCGA, PanCancer Atlas)80 samples "
Eye,Ocular Melanoma,"Uveal Melanoma (TCGA, Provisional)80 samples"
Head and Neck,Head and Neck Cancer,"Recurrent and Metastatic Head & Neck Cancer (MSKCC, JAMA Oncol 2016)151 samples  "
Head and Neck,Head and Neck Squamous Cell Carcinoma,"Head and Neck Squamous Cell Carcinoma (Broad, Science 2011)74 samples  "
Head and Neck,Head and Neck Squamous Cell Carcinoma,"Head and Neck Squamous Cell Carcinoma (Johns Hopkins, Science 2011)32 samples  "
Head and Neck,Head and Neck Squamous Cell Carcinoma,"Head and Neck Squamous Cell Carcinoma (TCGA, Nature 2015)279 samples  "
Head and Neck,Head and Neck Squamous Cell Carcinoma,"Head and Neck Squamous Cell Carcinoma (TCGA, PanCancer Atlas)523 samples  "
Head and Neck,Head and Neck Squamous Cell Carcinoma,"Head and Neck Squamous Cell Carcinoma (TCGA, Provisional)530 samples "
Head and Neck,Head and Neck Squamous Cell Carcinoma,"Oral Squamous Cell Carcinoma (MD Anderson, Cancer Discov 2013)40 samples"
Head and Neck,Nasopharyngeal Carcinoma,"Nasopharyngeal Carcinoma (Singapore, Nat Genet 2014)56 samples "
Head and Neck,Salivary Carcinoma,"Adenoid Cystic Carcinoma (FMI, Am J Surg Pathl. 2014)28 samples  "
Head and Neck,Salivary Carcinoma,"Adenoid Cystic Carcinoma (MDA, Clin Cancer Res 2015)102 samples  "
Head and Neck,Salivary Carcinoma,"Adenoid Cystic Carcinoma (MSKCC, Nat Genet 2013)60 samples  "
Head and Neck,Salivary Carcinoma,"Adenoid Cystic Carcinoma (Sanger/MDA, JCI 2013)24 samples  "
Kidney,Renal Cell Carcinoma,"Clear Cell Renal Cell Carcinoma (U Tokyo, Nat Genet 2013)106 samples  "
Kidney,Renal Cell Carcinoma,"Kidney Renal Clear Cell Carcinoma (BGI, Nat Genet 2012)98 samples  "
Kidney,Renal Cell Carcinoma,"Kidney Renal Clear Cell Carcinoma (TCGA, Nature 2013)499 samples  "
Kidney,Renal Cell Carcinoma,"Kidney Renal Clear Cell Carcinoma (TCGA, PanCancer Atlas)512 samples  "
Kidney,Renal Cell Carcinoma,"Kidney Renal Clear Cell Carcinoma (TCGA, Provisional)538 samples "
Kidney,Renal Cell Carcinoma,"Multiregion Sequencing of Clear Cell Renal Cell Carcinoma (IRC, Nat Genet 2014)79 samples  "
Kidney,Renal Cell Carcinoma,"Kidney Chromophobe (TCGA, Cancer Cell 2014)66 samples  "
Kidney,Renal Cell Carcinoma,"Kidney Chromophobe (TCGA, PanCancer Atlas)65 samples  "
Kidney,Renal Cell Carcinoma,"Kidney Chromophobe (TCGA, Provisional)66 samples "
Kidney,Renal Cell Carcinoma,"Kidney Renal Papillary Cell Carcinoma (TCGA, PanCancer Atlas)283 samples  "
Kidney,Renal Cell Carcinoma,"Kidney Renal Papillary Cell Carcinoma (TCGA, Provisional)293 samples "
Kidney,Renal Cell Carcinoma,"Renal Non-Clear Cell Carcinoma (Genentech, Nat Genet 2014)146 samples  "
Kidney,Renal Cell Carcinoma,"Targeted gene sequencing in 62 high-grade primary Unclassified Renal Cell Carcinoma (MSK, Nature 2016)62 samples  "
Kidney,Rhabdoid Cancer,"Pediatric Rhabdoid Tumor (TARGET, 2018)72 samples "
Kidney,Rhabdoid Cancer,"Rhabdoid Cancer (BCGSC, Cancer Cell 2016)40 samples"
Kidney,Wilms' Tumor,"Pediatric Wilms' Tumor (TARGET, 2018)657 samples "
Liver,Hepatocellular Adenoma,"Hepatocellular Adenoma (Inserm, Cancer Cell 2014)46 samples"
Liver,Hepatocellular Carcinoma,"Hepatocellular Carcinoma (MSK, Clin Cancer Res 2018)127 samples  "
Liver,Hepatocellular Carcinoma,"Hepatocellular Carcinomas (Inserm, Nat Genet 2015)243 samples  "
Liver,Hepatocellular Carcinoma,"Liver Hepatocellular Carcinoma (AMC, Hepatology 2014)231 samples  "
Liver,Hepatocellular Carcinoma,"Liver Hepatocellular Carcinoma (RIKEN, Nat Genet 2012)27 samples  "
Liver,Hepatocellular Carcinoma,"Liver Hepatocellular Carcinoma (TCGA, PanCancer Atlas)372 samples  "
Liver,Hepatocellular Carcinoma,"Liver Hepatocellular Carcinoma (TCGA, Provisional)442 samples "
Liver,Hepatocellular Carcinoma,"miRNAs in HCA/HCC (MSK, 2018)19 samples "
Lung,Lung cancer,"MSK Thoracic PDX (MSK, Provisional)139 samples"
Lung,Lung Neuroendocrine Tumor,"Small Cell Lung Cancer (CLCGP, Nat Genet 2012)29 samples  "
Lung,Lung Neuroendocrine Tumor,"Small Cell Lung Cancer (Johns Hopkins, Nat Genet 2012)51 samples  "
Lung,Lung Neuroendocrine Tumor,"Small Cell Lung Cancer (U Cologne, Nature 2015)110 samples  "
Lung,Lung Neuroendocrine Tumor,Small-Cell Lung Cancer (Multi-Institute 2017)20 samples  
Lung,Non-Small Cell Lung Cancer,"Genetic Characterization of NSCLC young adult patients ( University of Turin, Lung Cancer 2016)41 samples  "
Lung,Non-Small Cell Lung Cancer,"Non-Small Cell Lung Cancer (MSK, JCO 2018)240 samples  "
Lung,Non-Small Cell Lung Cancer,"Pan-Lung Cancer (TCGA, Nat Genet 2016)1144 samples  "
Lung,Non-Small Cell Lung Cancer,"Lung Adenocarcinoma (Broad, Cell 2012)183 samples  "
Lung,Non-Small Cell Lung Cancer,Lung Adenocarcinoma (MSKCC 2015)35 samples  
Lung,Non-Small Cell Lung Cancer,"Lung Adenocarcinoma (TCGA, Nature 2014)230 samples  "
Lung,Non-Small Cell Lung Cancer,"Lung Adenocarcinoma (TCGA, PanCancer Atlas)566 samples  "
Lung,Non-Small Cell Lung Cancer,"Lung Adenocarcinoma (TCGA, Provisional)586 samples "
Lung,Non-Small Cell Lung Cancer,"Lung Adenocarcinoma (TSP, Nature 2008)163 samples  "
Lung,Non-Small Cell Lung Cancer,"MSK-IMPACT Clinical Sequencing Cohort for Non-Small Cell Cancer (MSK, Cancer Discovery 2017)915 samples"
Lung,Non-Small Cell Lung Cancer,"Lung Squamous Cell Carcinoma (TCGA, Nature 2012)178 samples  "
Lung,Non-Small Cell Lung Cancer,"Lung Squamous Cell Carcinoma (TCGA, PanCancer Atlas)487 samples  "
Lung,Non-Small Cell Lung Cancer,"Lung Squamous Cell Carcinoma (TCGA, Provisional)511 samples"
Lymphoid,Lymphoid Neoplasm,"Acute Lymphoblastic Leukemia (St Jude, Nat Genet 2016)73 samples  "
Lymphoid,Lymphoid Neoplasm,"Pediatric Acute Lymphoid Leukemia - Phase II (TARGET, 2018)1978 samples"
Lymphoid,Lymphoid Neoplasm,"Chronic Lymphocytic Leukemia (Broad, Cell 2013)160 samples  "
Lymphoid,Lymphoid Neoplasm,"Chronic Lymphocytic Leukemia (IUOPA, Nature 2015)506 samples  "
Lymphoid,Lymphoid Neoplasm,"Chronic lymphocytic leukemia (ICGA, Nat 2011)105 samples "
Lymphoid,Lymphoid Neoplasm,"Cutaneous T Cell Lymphoma (Columbia U, Nat Genet 2015)43 samples  "
Lymphoid,Lymphoid Neoplasm,"Diffuse Large B cell Lymphoma (DFCI, Nat Med 2018)135 samples  "
Lymphoid,Lymphoid Neoplasm,"Diffuse Large B-Cell Lymphoma (Broad, PNAS 2012)58 samples  "
Lymphoid,Lymphoid Neoplasm,"Diffuse Large B-Cell Lymphoma (Duke, Cell 2017)1001 samples  "
Lymphoid,Lymphoid Neoplasm,"Diffuse Large B-Cell Lymphoma (TCGA, PanCancer Atlas)48 samples  "
Lymphoid,Lymphoid Neoplasm,"Diffuse Large B-cell Lymphoma (BCGSC, Blood 2013)53 samples  "
Lymphoid,Lymphoid Neoplasm,"Lymphoid Neoplasm Diffuse Large B-cell Lymphoma (TCGA, Provisional)48 samples "
Lymphoid,Lymphoid Neoplasm,"Mantle Cell Lymphoma (IDIBIPS, PNAS 2013)29 samples  "
Lymphoid,Lymphoid Neoplasm,"Multiple Myeloma (Broad, Cancer Cell 2014)211 samples  "
Lymphoid,Lymphoid Neoplasm,"Non-Hodgkin Lymphoma (BCGSC, Nature 2011)14 samples  "
Lymphoid,Lymphoid Neoplasm,"Primary Central Nervous System Lymphoma (Mayo Clinic, Clin Cancer Res 2015)19 samples  "
Myeloid,Myeloid Neoplasm,"Infant MLL-Rearranged Acute Lymphoblastic Leukemia (St Jude, Nat Genet 2015)93 samples  "
Myeloid,Myeloid Neoplasm,"Acute Myeloid Leukemia (TCGA, NEJM 2013)200 samples  "
Myeloid,Myeloid Neoplasm,"Acute Myeloid Leukemia (TCGA, PanCancer Atlas)200 samples  "
Myeloid,Myeloid Neoplasm,"Acute Myeloid Leukemia (TCGA, Provisional)200 samples "
Myeloid,Myeloid Neoplasm,"Pediatric Acute Myeloid Leukemia (TARGET, 2018)1025 samples "
Myeloid,Myeloid Neoplasm,"Myelodysplasia (Tokyo, Nature 2011)29 samples  "
Other,Cancer of Unknown Primary,"Cancer Cell Line Encyclopedia (Novartis/Broad, Nature 2012)1020 samples  "
Other,Cancer of Unknown Primary,"Hypodiploid Acute Lymphoid Leukemia (St Jude, Nat Genet 2013)44 samples"
Other,Cancer of Unknown Primary,"MSK-IMPACT Clinical Sequencing Cohort (MSKCC, Nat Med 2017)10945 samples  "
Other,Cancer of Unknown Primary,"MSS Mixed Solid Tumors (Van Allen, 2018)249 samples "
Other,Cancer of Unknown Primary,"NCI-60 Cell Lines (NCI, Cancer Res. 2012)67 samples  "
Other,Cancer of Unknown Primary,Pediatric Mixed Tumors (PIP-Seq 2017)103 samples  
Other,Cancer of Unknown Primary,"Pediatric Pan-Cancer (DKFZ - German Cancer Consortium, 2017)961 samples  "
Other,Cancer of Unknown Primary,"SUMMIT (Nature, 2018)141 samples "
Other,Cancer of Unknown Primary,"TMB and Immunotherapy (MSKCC, Nat Genet 2019)1661 samples"
Ovary/Fallopian Tube,Ovarian Epithelial Tumor,"Ovarian Serous Cystadenocarcinoma (TCGA, Nature 2011)563 samples  "
Ovary/Fallopian Tube,Ovarian Epithelial Tumor,"Ovarian Serous Cystadenocarcinoma (TCGA, PanCancer Atlas)585 samples  "
Ovary/Fallopian Tube,Ovarian Epithelial Tumor,"Ovarian Serous Cystadenocarcinoma (TCGA, Provisional)606 samples"
Ovary/Fallopian Tube,Ovarian Epithelial Tumor,"Small Cell Carcinoma of the Ovary (MSKCC, Nat Genet 2014)12 samples  "
Pancreas,Acinar Cell Carcinoma of the Pancreas,"Acinar Cell Carcinoma of the Pancreas (Johns Hopkins, J Pathol 2014)23 samples  "
Pancreas,Cystic Tumor of the Pancreas,"Cystic Tumor of the Pancreas (Johns Hopkins, PNAS 2011)32 samples"
Pancreas,Pancreatic Adenocarcinom,"Pancreatic Adenocarcinoma (ICGC, Nature 2012)99 samples  "
Pancreas,Pancreatic Adenocarcinom,"Pancreatic Adenocarcinoma (QCMG, Nature 2016)456 samples  "
Pancreas,Pancreatic Adenocarcinom,"Pancreatic Adenocarcinoma (TCGA, PanCancer Atlas)184 samples "
Pancreas,Pancreatic Adenocarcinom,"Pancreatic Adenocarcinoma (TCGA, Provisional)186 samples "
Pancreas,Pancreatic Adenocarcinom,"Pancreatic Cancer (UTSW, Nat Commun 2015)109 samples  "
Pancreas,Pancreatic Neuroendocrine Tumor,"Insulinoma (Shanghai, Nat Commun 2013)10 samples  "
Pancreas,Pancreatic Neuroendocrine Tumor,"Pancreatic Neuroendocrine Tumors (Johns Hopkins University, Science 2011)10 samples  "
Pancreas,Pancreatic Neuroendocrine Tumor,"Whole-Genome Sequencing of Pancreatic Neuroendocrine Tumors (Nature, 2017)98 samples  "
Peripheral Nervous System,Nerve Sheath Tumor,"Malignant Peripheral Nerve Sheath Tumor (MSKCC, Nat Genet 2014)15 samples"
Peripheral Nervous System,Neuroblastoma,"Neuroblastoma (AMC Amsterdam, Nature 2012)87 samples  "
Peripheral Nervous System,Neuroblastoma,Neuroblastoma (Broad Institute 2013)240 samples  
Peripheral Nervous System,Neuroblastoma,"Neuroblastoma (Broad, Nat Genet 2013)56 samples  "
Peripheral Nervous System,Neuroblastoma,"Pediatric Neuroblastoma (TARGET, 2018)1089 samples "
Pleura,Pleural Mesothelioma,"Malignant Pleural Mesothelioma (NYU, Cancer Res 2015)22 samples  "
Pleura,Pleural Mesothelioma,"Mesothelioma (TCGA, PanCancer Atlas)87 samples  "
Pleura,Pleural Mesothelioma,"Mesothelioma (TCGA, Provisional)87 samples "
Prostate,Prostate Adenocarcinoma,"Genomic Hallmarks of Prostate Adenocarcinoma (CPC-GENE, Nature 2017)477 samples  "
Prostate,Prostate Adenocarcinoma,"MSK-IMPACT Clinical Sequencing Cohort in Prostate Cancer (MSK, JCO Precision Oncology 2017)504 samples "
Prostate,Prostate Adenocarcinoma,"Metastatic Prostate Adenocarcinoma (MCTP, Nature 2012)61 samples  "
Prostate,Prostate Adenocarcinoma,"Metastatic Prostate Cancer (SU2C/PCF Dream Team, Cell 2015)150 samples  "
Prostate,Prostate Adenocarcinoma,"Neuroendocrine Prostate Cancer (Trento/Cornell/Broad, Nat Med 2016)114 samples  "
Prostate,Prostate Adenocarcinoma,"Prostate Adenocarcinoma (Broad/Cornell, Cell 2013)57 samples  "
Prostate,Prostate Adenocarcinoma,"Prostate Adenocarcinoma (Broad/Cornell, Nat Genet 2012)112 samples  "
Prostate,Prostate Adenocarcinoma,"Prostate Adenocarcinoma (EurUrol, 2017)65 samples "
Prostate,Prostate Adenocarcinoma,"Prostate Adenocarcinoma (Fred Hutchinson CRC, Nat Med 2016)176 samples  "
Prostate,Prostate Adenocarcinoma,"Prostate Adenocarcinoma (MSKCC, Cancer Cell 2010)216 samples  "
Prostate,Prostate Adenocarcinoma,"Prostate Adenocarcinoma (MSKCC/DFCI, Nature Genetics 2018)1013 samples  "
Prostate,Prostate Adenocarcinoma,"Prostate Adenocarcinoma (TCGA, Cell 2015)333 samples  "
Prostate,Prostate Adenocarcinoma,"Prostate Adenocarcinoma (TCGA, PanCancer Atlas)494 samples "
Prostate,Prostate Adenocarcinoma,"Prostate Adenocarcinoma (TCGA, Provisional)499 samples "
Prostate,Prostate Adenocarcinoma,"Prostate Adenocarcinoma CNA study (MSKCC, PNAS 2014)104 samples  "
Prostate,Prostate Adenocarcinoma,"Prostate Adenocarcinoma Organoids (MSKCC, Cell 2014)12 samples  "
Skin,Cutaneous Squamous Cell Carcinoma,"Cutaneous Squamous Cell Carcinoma (MD Anderson, Clin Cancer Res 2014)39 samples  "
Skin,Cutaneous Squamous Cell Carcinoma,"Cutaneous squamous cell carcinoma (DFCI, Clin Cancer Res 2015)29 samples "
Skin,Melanoma,"Paired-exome sequencing of acral melanoma (TGEN, Genome Res 2017)38 samples  "
Skin,Melanoma,"Melanoma (Broad/Dana Farber, Nature 2012)26 samples  "
Skin,Melanoma,"Next generation sequencing (NGS) of pre-treatment metastatic melanoma samples (MSK, JCO Precision Oncology 2017)66 samples "
Skin,Melanoma,"Skin Cutaneous Melanoma (Broad, Cell 2012)121 samples  "
Skin,Melanoma,"Skin Cutaneous Melanoma (TCGA, PanCancer Atlas)448 samples "
Skin,Melanoma,"Skin Cutaneous Melanoma (TCGA, Provisional)479 samples "
Skin,Melanoma,"Skin Cutaneous Melanoma (Yale, Nat Genet 2012)91 samples  "
Skin,Melanoma,"Skin Cutaneous Melanoma(Broad, Cancer Discov 2014)78 samples  "
Skin,Melanoma,"Whole-exome sequences (WES) of pretreatment melanoma tumors (UCLA, Cell 2016)39 samples"
Skin,Melanoma,"Desmoplastic Melanoma (Broad Institute, Nat Genet 2015)20 samples"
Soft Tissue,Soft Tissue Cancer,"Pheochromocytoma and Paraganglioma (TCGA, PanCancer Atlas)178 samples"
Soft Tissue,Soft Tissue Cancer,"Sarcoma (MSKCC/Broad, Nat Genet 2010)207 samples  "
Soft Tissue,Soft Tissue Cancer,"Sarcoma (TCGA, PanCancer Atlas)255 samples "
Soft Tissue,Soft Tissue Cancer,"Sarcoma (TCGA, Provisional)265 samples "
Soft Tissue,Angiosarcoma,"The Angiosarcoma Project (Provisional, September 2018)48 samples "
Soft Tissue,Rhabdomyosarcoma,"Rhabdomyosarcoma (NIH, Cancer Discov 2014)43 samples  "
Testis,Testicular Cancer,"Genomic Profile of Patients with Advanced Germ Cell Tumors (MSK, JCO 2016).180 samples  "
Testis,Testicular Cancer,"Testicular Germ Cell Tumors (TCGA, PanCancer Atlas)149 samples"
Testis,Non-Seminomatous Germ Cell Tumo,"Testicular Germ Cell Cancer (TCGA, Provisional)156 samples"
Thymus,Thymic Epithelial Tumo,"Thymic Epithelial Tumors (NCI, Nat Genet 2014)32 samples  "
Thymus,Thymic Epithelial Tumo,"Thymoma (TCGA, PanCancer Atlas)123 samples "
Thymus,Thymic Epithelial Tumo,"Thymoma (TCGA, Provisional)124 samples "
Thyroid,Thyroid Cancer,"Poorly-Differentiated and Anaplastic Thyroid Cancers (MSKCC, JCI 2016)117 samples"
Thyroid,Well-Differentiated Thyroid Cancer,"Papillary Thyroid Carcinoma (TCGA, Cell 2014)507 samples  "
Thyroid,Well-Differentiated Thyroid Cancer,"Thyroid Carcinoma (TCGA, PanCancer Atlas)500 samples "
Thyroid,Well-Differentiated Thyroid Cancer,"Thyroid Carcinoma (TCGA, Provisional)516 samples "
Uterus,Endometrial Carcinoma,"Endometrial Cancer (MSK, 2018)197 samples  "
Uterus,Endometrial Carcinoma,"Uterine Corpus Endometrial Carcinoma (TCGA, Nature 2013)500 samples  "
Uterus,Endometrial Carcinoma,"Uterine Corpus Endometrial Carcinoma (TCGA, PanCancer Atlas)529 samples "
Uterus,Endometrial Carcinoma,"Uterine Corpus Endometrial Carcinoma (TCGA, Provisional)548 samples "
Uterus,Endometrial Carcinoma,"Uterine Carcinosarcoma (Johns Hopkins University, Nat Commun 2014)22 samples  "
Uterus,Endometrial Carcinoma,"Uterine Carcinosarcoma (TCGA, PanCancer Atlas)57 samples "
Uterus,Endometrial Carcinoma,"Uterine Carcinosarcoma (TCGA, Provisional)57 samples "
Uterus,Endometrial Carcinoma,"Uterine Clear Cell Carcinoma (NIH, Cancer 2017)16 samples  "
Vulva/Vagina,Squamous Cell Carcinoma of the Vulva/Vagina,"Squamous Cell Carcinoma of the Vulva (CUK, Exp Mol Med 2018)15 samples  "
